id,name,formula,smiles,charge
1,rId0,,,1
2,NH3OH+,,,1
3,K+,,,1
4,NH4+,,,1
5,NH2NH3+,,,1
6,rId2,,,1
7,rId3,,,1
8,rId4,,,1
9,N2H5+,,,1
10,rId5,,,1
11,rId6,,,1
12,rId21,,,1
13,rId22,,,1
14,rId23,,,1
15,rId30,,,1
16,rId31,,,1
17,rId32,,,1
18,rId33,,,1
19,rId34,,,1
20,rId36,,,1
21,rId37,,,1
22,rId39,,,1
23,rId40,,,1
24,rId41,,,1
25,Na+,,,1
26,rId46,,,1
27,rId47,,,1
28,rId48,,,1
29,rId49,,,1
30,rId50,,,1
31,rId51,,,1
32,rId45,,,1
33,H+,,,1
34,rId63,,,1
35,rId66,,,1
36,rId67,,,1
37,rId68,,,1
38,rId71,,,1
39,rId77,,,1
40,rId80,,,1
41,rId81,,,1
42,rId82,,,1
43,rId83,,,1
44,rId84,,,1
45,rId85,,,1
46,rId95,,,1
47,rId97,,,1
48,rId98,,,1
49,rId100,,,1
50,rId102,,,1
51,rId104,,,1
52,rId106,,,1
53,rId107,,,1
54,rId108,,,1
55,rId109,,,1
56,rId110,,,1
57,rId111,,,1
58,rId113,,,1
59,rId114,,,1
60,rId115,,,1
61,rId122,,,1
62,rId124,,,1
63,rId125,,,1
64,rId126,,,1
65,rId127,,,1
66,rId128,,,1
67,rId129,,,1
68,rId130,,,1
69,rId131,,,1
70,rId133,,,1
71,rId134,,,1
72,rId135,,,1
73,rId137,,,1
74,rId139,,,1
75,rId140,,,1
76,rId142,,,1
77,rId143,,,1
78,rId144,,,1
79,rId145,,,1
80,rId146,,,1
81,rId147,,,1
82,rId148,,,1
83,rId149,,,1
84,rId150,,,1
85,rId151,,,1
86,rId153,,,1
87,rId155,,,1
88,rId158,,,1
89,rId159,,,1
90,rId161,,,1
91,rId163,,,1
92,rId164,,,1
93,rId165,,,1
94,rId166,,,1
95,rId167,,,1
96,rId168,,,1
97,rId169,,,1
98,rId170,,,1
99,rId172,,,1
100,rId173,,,1
101,rId177,,,1
102,rId178,,,1
103,rId179,,,1
104,rId180,,,1
105,rId181,,,1
106,rId182,,,1
107,rId183,,,1
108,rId184,,,1
109,rId186,,,1
110,rId187,,,1
111,rId188,,,1
112,rId190,,,1
113,rId192,,,1
114,rId195,,,1
115,rId197,,,1
116,rId198,,,1
117,rId199,,,1
118,rId200,,,1
119,rId201,,,1
120,rId203,,,1
121,rId204,,,1
122,rId205,,,1
123,rId206,,,1
124,rId207,,,1
125,rId208,,,1
126,rId209,,,1
127,rId210,,,1
128,rId211,,,1
129,rId212,,,1
130,rId213,,,1
131,rId215,,,1
132,rId216,,,1
133,rId217,,,1
134,rId218,,,1
135,rId220,,,1
136,rId221,,,1
137,rId222,,,1
138,rId223,,,1
139,rId224,,,1
140,rId225,,,1
141,rId226,,,1
142,rId228,,,1
143,rId229,,,1
144,rId230,,,1
145,rId232,,,1
146,rId244,,,1
147,rId245,,,1
148,rId246,,,1
149,rId247,,,1
150,rId248,,,1
151,rId249,,,1
152,rId250,,,1
153,rId251,,,1
154,rId252,,,1
155,rId253,,,1
156,rId254,,,1
157,rId268,,,1
158,rId269,,,1
159,rId270,,,1
160,rId271,,,1
161,rId272,,,1
162,rId273,,,1
163,rId274,,,1
164,rId276,,,1
165,rId277,,,1
166,rId278,,,1
167,rId279,,,1
168,rId280,,,1
169,rId281,,,1
170,rId282,,,1
171,rId284,,,1
172,rId285,,,1
173,rId286,,,1
174,rId287,,,1
175,rId288,,,1
176,rId289,,,1
177,rId290,,,1
178,rId291,,,1
179,rId292,,,1
180,rId294,,,1
181,rId301,,,1
182,rId302,,,1
183,rId304,,,1
184,rId305,,,1
185,rId306,,,1
186,rId307,,,1
187,rId308,,,1
188,rId309,,,1
189,rId310,,,1
190,rId311,,,1
191,rId312,,,1
192,rId313,,,1
193,rId314,,,1
194,rId315,,,1
195,rId316,,,1
196,rId317,,,1
197,rId318,,,1
198,rId326,,,1
199,rId327,,,1
200,rId328,,,1
201,rId329,,,1
202,rId337,,,1
203,rId339,,,1
204,rId340,,,1
205,rId342,,,1
206,rId343,,,1
207,rId344,,,1
208,rId345,,,1
209,rId346,,,1
210,rId347,,,1
211,rId348,,,1
212,rId349,,,1
213,rId350,,,1
214,rId351,,,1
215,rId352,,,1
216,rId356,,,1
217,rId358,,,1
218,rId359,,,1
219,rId361,,,1
220,rId363,,,1
221,rId365,,,1
222,rId366,,,1
223,rId367,,,1
224,rId368,,,1
225,rId369,,,1
226,rId370,,,1
227,rId371,,,1
228,rId372,,,1
229,rId373,,,1
230,rId377,,,1
231,rId379,,,1
232,rId382,,,1
233,rId383,,,1
234,rId384,,,1
235,rId386,,,1
236,rId388,,,1
237,rId389,,,1
238,rId391,,,1
239,rId392,,,1
240,rId393,,,1
241,rId394,,,1
242,rId395,,,1
243,rId398,,,1
244,rId401,,,1
245,rId406,,,1
246,rId407,,,1
247,rId408,,,1
248,rId409,,,1
249,rId410,,,1
250,rId411,,,1
251,rId413,,,1
252,rId414,,,1
253,rId434,,,1
254,rId426,,,1
255,rId432,,,1
256,rId436,,,1
257,rId441,,,1
258,rId442,,,1
259,rId443,,,1
260,rId451,,,1
261,rId450,,,1
262,rId452,,,1
263,rId454,,,1
264,rId455,,,1
265,NO3-,,,-1
266,rId1,,,-1
267,rId7,,,-1
268,rId8,,,-1
269,rId9,,,-1
270,rId10,,,-1
271,rId11,,,-1
272,rId12,,,-1
273,rId13,,,-1
274,rId14,,,-1
275,rId15,,,-1
276,rId16,,,-1
277,rId17,,,-1
278,rId18,,,-1
279,rId19,,,-1
280,rId20,,,-1
281,rId24,,,-1
282,rId25,,,-1
283,rId26,,,-1
284,rId27,,,-1
285,rId28,,,-1
286,rId29,,,-1
287,rId35,,,-1
288,rId38,,,-1
289,rId43,,,-1
290,rId42,,,-1
291,rId44,,,-1
292,rId52,,,-1
293,rId53,,,-1
294,rId54,,,-1
295,rId55,,,-1
296,rId56,,,-1
297,rId57,,,-1
298,rId58,,,-1
299,rId59,,,-1
300,rId60,,,-1
301,rId61,,,-1
302,rId62,,,-1
303,rId64,,,-1
304,rId65,,,-1
305,rId69,,,-1
306,rId70,,,-1
307,rId72,,,-1
308,rId73,,,-1
309,rId74,,,-1
310,rId75,,,-1
311,rId76,,,-1
312,rId78,,,-1
313,rId79,,,-1
314,N3-,,,-1
315,rId86,,,-1
316,rId87,,,-1
317,rId88,,,-1
318,rId89,,,-1
319,rId90,,,-1
320,rId91,,,-1
321,rId92,,,-1
322,rId93,,,-1
323,rId94,,,-1
324,rId96,,,-1
325,rId99,,,-1
326,rId101,,,-1
327,rId103,,,-1
328,rId105,,,-1
329,rId112,,,-1
330,rId116,,,-1
331,rId117,,,-1
332,rId118,,,-1
333,rId119,,,-1
334,rId120,,,-1
335,rId121,,,-1
336,rId123,,,-1
337,rId132,,,-1
338,rId136,,,-1
339,rId138,,,-1
340,rId141,,,-1
341,rId152,,,-1
342,rId154,,,-1
343,rId156,,,-1
344,rId157,,,-1
345,rId162,,,-1
346,rId160,,,-1
347,rId171,,,-1
348,rId174,,,-1
349,rId175,,,-1
350,rId176,,,-1
351,rId185,,,-1
352,rId189,,,-1
353,rId191,,,-1
354,rId193,,,-1
355,rId194,,,-1
356,rId196,,,-1
357,rId202,,,-1
358,rId214,,,-1
359,rId219,,,-1
360,rId227,,,-1
361,rId231,,,-1
362,rId233,,,-1
363,rId234,,,-1
364,rId235,,,-1
365,rId236,,,-1
366,rId237,,,-1
367,rId238,,,-1
368,rId239,,,-1
369,rId240,,,-1
370,rId241,,,-1
371,rId242,,,-1
372,rId243,,,-1
373,rId255,,,-1
374,rId256,,,-1
375,rId257,,,-1
376,rId258,,,-1
377,rId259,,,-1
378,rId260,,,-1
379,rId261,,,-1
380,rId262,,,-1
381,rId263,,,-1
382,rId264,,,-1
383,rId265,,,-1
384,rId266,,,-1
385,rId267,,,-1
386,rId275,,,-1
387,rId283,,,-1
388,rId293,,,-1
389,rId295,,,-1
390,rId296,,,-1
391,rId297,,,-1
392,rId298,,,-1
393,rId299,,,-1
394,rId300,,,-1
395,rId303,,,-1
396,rId325,,,-1
397,rId319,,,-1
398,rId320,,,-1
399,rId321,,,-1
400,rId322,,,-1
401,rId323,,,-1
402,rId324,,,-1
403,rId330,,,-1
404,rId331,,,-1
405,rId332,,,-1
406,rId333,,,-1
407,rId334,,,-1
408,rId335,,,-1
409,rId336,,,-1
410,rId338,,,-1
411,rId341,,,-1
412,rId353,,,-1
413,rId354,,,-1
414,rId355,,,-1
415,rId357,,,-1
416,rId362,,,-1
417,rId364,,,-1
418,rId374,,,-1
419,rId375,,,-1
420,rId376,,,-1
421,rId378,,,-1
422,rId380,,,-1
423,rId381,,,-1
424,rId385,,,-1
425,rId387,,,-1
426,rId390,,,-1
427,rId396,,,-1
428,rId397,,,-1
429,rId399,,,-1
430,rId400,,,-1
431,rId402,,,-1
432,rId403,,,-1
433,rId404,,,-1
434,rId405,,,-1
435,rId412,,,-1
436,ClO4,,,-1
437,rId415,,,-1
438,rId416,,,-1
439,rId417,,,-1
440,rId418,,,-1
441,rId419,,,-1
442,rId420,,,-1
443,rId421,,,-1
444,rId422,,,-1
445,rId423,,,-1
446,rId424,,,-1
447,rId433,,,-1
448,rId425,,,-1
449,rId427,,,-1
450,rId428,,,-1
451,rId429,,,-1
452,rId430,,,-1
453,rId431,,,-1
454,rId435,,,-1
455,rId437,,,-1
456,rId438,,,-1
457,rId439,,,-1
458,rId440,,,-1
459,rId444,,,-1
460,rId445,,,-1
461,rId446,,,-1
462,rId447,,,-1
463,rId448,,,-1
464,rId449,,,-1
465,rId453,,,-1
466,rId456,,,-1
467,rId457,,,-1
468,0,,,-1
469,C1,C3H9N9O7,,0
470,C2,UNKNOWN,,0
471,C3,C4H2N10O4,,0
472,C4,C4H8N12O7,,0
473,C5,C4H2N11O4K,,0
474,C6,C4H6N12O4,,0
475,C7,C4H7N13O4,,0
476,C8,C4H6N12O5,,0
477,C9,C4H3N10O2K,,0
478,C10,C4H7N11O2,,0
479,C11,C4H8N12O2,,0
480,C12,C4H7N11O3,,0
481,C13,C6H2N13O4K,,0
482,C14,C6H6N14O4,,0
483,C15,C6H7N15O4,,0
484,C16,C6H6N14O5,,0
485,C17,C7H9N17O4,,0
486,C18,C7H10N18O4,,0
487,C19,C7H11N19O4,,0
488,C20,C6H7N17O4,,0
489,C21,C6H8N18O4,,0
490,C22,C6H7N17O5,,0
491,C23,C6H3N16O4K,,0
492,C24,C4H7N9O8,,0
493,C25,C4H6N8O8,,0
494,C26,C4H2N7O8K,,0
495,C27,C4H9N9O8,,0
496,C28,C4H9N9O10,,0
497,C29,C4N6O10K2,,0
498,C30,C4H10N10O10,,0
499,C31,C4H8N8O9,,0
500,C32,C4H8N8O11,,0
501,C33,C4H10N10O9,,0
502,C34,C6H18N18O9,,0
503,C35,C6H12N12O9,,0
504,C36,C6H14N14O9,,0
505,C37,C4H10N18O9,,0
506,C38,C3N9O10K2,,0
507,C39,C3H4N10O10,,0
508,C40,C3H4N10O11,,0
509,C41,C3H5N11O8,,0
510,C42,C3N8O8K2,,0
511,C43,C3H8N10O8,,0
512,C44,C3H8N10O10,,0
513,C45,C3H10N12O8,,0
514,C46,C5H1N7O10K2,,0
515,C47,C5H9N9O10,,0
516,C48,C5H11N11O10,,0
517,C49,C4H10N12O4,,0
518,C50,C4H10N12O6,,0
519,C51,C4H12N14O4,,0
520,C52,C6H14N16O4,,0
521,C53,C6H16N18O4,,0
522,C54,C618N20O4,,0
523,C55,C6H20N22O4,,0
524,C56,C8H16N22O4,,0
525,C57,C5H10N14O5,,0
526,C58,C8H12N10O4,,0
527,C59,C4H8N8O4,,0
528,C60,C4H10N10O4,,0
529,C61,C4H8N8O6,,0
530,C62,C6H12N12O4,,0
531,C63,C6H14N16O4,,0
532,C64,C6H18N20O6,,0
533,C65,C4H16N18O8,,0
534,C66,C4H20N8O8,,0
535,C67,C4H16N18O12,,0
536,C68,C4N14O8K4,,0
537,C69,C4N14O8Na4,,0
538,C70,C4H10N16O8,,0
539,C71,C4H12N18O8,,0
540,C72,C4H10N16O10,,0
541,C73,C4H2N14O8K2,,0
542,C74,C4H2N14O8Na2,,0
543,C75,C6H9N15O6,,0
544,C76,C6H11N17O6,,0
545,C77,C6H9N15O8,,0
546,C78,C8H13N19O6,,0
547,C79,C8H15N21O6,,0
548,C80,C8H15N21O8,,0
549,C81,C10H9N19O6,,0
550,C82,C10H9N21O6,,0
551,C83,C10H11N21O6,,0
552,C84,C12H22N30O4,,0
553,C85,C4H8N10O4,,0
554,C86,C4H8N10O6,,0
555,C87,C4H8N10O6,,0
556,C88,C4H8N10O8,,0
557,C89,C4H6N10O4,,0
558,C90,C4H7N11O4,,0
559,C91,C4H6N10O5,,0
560,C92,C5H8N12O4,,0
561,C93,C5H9N13O4,,0
562,C94,C5H9N13O5,,0
563,C95,C6H6N12O4,,0
564,C96,C6H6N13O4,,0
565,C97,C6H7N14O4,,0
566,C98,C4H9N11O4,,0
567,C99,C4H11N13O4,,0
568,C100,C4H9N11O6,,0
569,C101,C6H13N15O4,,0
570,C102,C6H15N17O4,,0
571,C103,C6H15N17O6,,0
572,C104,C8H9N15O4,,0
573,C105,C8H11N17O4,,0
574,C106,C8H11N17O4,,0
575,C107,C4H5N9O4,,0
576,C108,C4H6N10O4,,0
577,C109,C4H5N9O5,,0
578,C110,C4H5N9O2,,0
579,C111,C4H9N11O2,,0
580,C112,C4H8N10O3,,0
581,C113,C4H12N14O4,,0
582,C114,C4H10N12O6,,0
583,C115,C4H10N12O4,,0
584,C116,C4H9N13O2,,0
585,C117,C6H13N17,,0
586,C118,C6H15N19,,0
587,C119,C4H9N13O2,,0
588,C120,C4H9N13O4,,0
589,C121,C6H13N17O2,,0
590,C122,C6H15N19O2,,0
591,C123,C5H11N17O2,,0
592,C124,C4H10N12O4,,0
593,C125,C4H12N14O4,,0
594,C126,C4H10N12O6,,0
595,C127,C8H12N18O4,,0
596,C128,C8H12N18O4,,0
597,C129,C6H14N16O4,,0
598,C130,C6H16N18O4,,0
599,C131,C6H18N20O4,,0
600,C132,C6H20N22O4,,0
601,C133,C3H6N8O3,,0
602,C134,C5H7N11O3,,0
603,C135,C6H6N12O6,,0
604,C136,C8H12N20O5,,0
605,C137,C10H12N22O4,,0
606,C138,C10H12N24O6,,0
607,C139,C8H12N22O2,,0
608,C140,C10H12N22O8,,0
609,C141,C10H15N7O4,,0
610,C142,C10H15N12,,0
611,C143,C8H15N5,,0
612,C144,C6H11N5O,,0
613,C145,C7H11N5,,0
614,C146,C8H13N5,,0
615,C147,C8H11N5,,0
616,C148,C9H13N5,,0
617,C149,C14H18N6O2,,0
618,C150,C15H19N5O2,,0
619,C151,C10H16N6O2,,0
620,C152,C11H17N5O2,,0
621,C153,C10H15N7O4,,0
622,C154,C11H16N6O4,,0
623,C155,C11H16N6O4,,0
624,C156,C13H16N6,,0
625,C157,C9H16N6,,0
626,C158,C10H8N6O9,,0
627,C159,C4H6N4O5,,0
628,C160,C5H8N4O5,,0
629,C161,C10H10N8O2,,0
630,C162,C14H13N11O4,,0
631,C163,C9H16N4O4,,0
632,C164,C8H12N4O4,,0
633,C165,C10H14N4O4,,0
634,C166,C8H14N4O5,,0
635,C167,C8H14N4O5,,0
636,C168,C7H12N4O5,,0
637,C169,C6H10N4O4,,0
638,C170,C6H11N7,,0
639,C171,C7H13N7,,0
640,C172,C9H17N7,,0
641,C173,C9H17N7,,0
642,C174,C9H17N7,,0
643,C175,C8H13N11,,0
644,C176,C9H15N11,,0
645,C177,C10H17N11,,0
646,C178,C12H19N13,,0
647,C179,C8H11N5O2,,0
648,C180,C8H10N6O4,,0
649,C181,C7H10N6O2,,0
650,C182,C6H11N6,,0
651,C183,C2H5N4O4CI,,0
652,C184,C2H5N5O3,,0
653,C185,C2H5N5O3,,0
654,C186,C2H5N4O4CI,,0
655,C187,C3H7N5O3,,0
656,C188,C3H7N4O4CI,,0
657,C189,C4H7N6O4CI,,0
658,C190,C4H7N7O3,,0
659,C191,C3H5N7O3,,0
660,C192,C3H5N6O4CI,,0
661,C193,C2H2N10O3,,0
662,C194,C3H7N5O3,,0
663,C195,C3H7N4O4CI,,0
664,C196,C4H8N4O3,,0
665,C197,C4H8N3O4CI,,0
666,C198,C5H4N10O4,,0
667,C199,C5H4N10O4,,0
668,C200,C4H6N8O2,,0
669,C201,CH6N7O2,,0
670,C202,C4H3N10O2,,0
671,C203,C4H5N10O2,,0
672,C204,C5H8N8O4,,0
673,C205,C6H9N11O4,,0
674,C206,C6H9N11O4,,0
675,C207,C5H7N11O4,,0
676,C208,C5H9N7O3,,0
677,C209,C5H9N6O4CI,,0
678,C210,C5H9N7O3,,0
679,C211,C5H9N6O4CI,,0
680,C212,C4H7N7O3,,0
681,C213,C4H7N6O4CI,,0
682,C214,C7H8N10O4,,0
683,C215,C5H7N11O2,,0
684,C216,C4H5N10O3,,0
685,C217,C5H6N14O2,,0
686,C218,C4H8N9O3,,0
687,C219,C4H8N7O4CI,,0
688,C220,C4H6N8O3,,0
689,C221,C4H6N12O2,,0
690,C222,C6H7N7O2,,0
691,C223,C5H7N7O4,,0
692,C224,C7H8N6O2,,0
693,C225,C6H8N6O4,,0
694,C226,C7H7N7,,0
695,C227,C5H7N7O4,,0
696,C228,C6H6N8O4,,0
697,C229,C6H6N4O3,,0
698,C230,C6H6N5O4CI,,0
699,C231,C8H6N8,,0
700,C232,C6H6N8O4,,0
701,C233,C6H8N4O3,,0
702,C234,C6H8N3O4CI,,0
703,C235,C8H8N6,,0
704,C236,C6H8N6O4,,0
705,C237,C9H7N7,,0
706,C238,C7H7N7O4,,0
707,C239,C3H7N5O3,,0
708,C240,C4H9N5O3,,0
709,C241,C5H11N5O4,,0
710,C242,C5H7N5O3,,0
711,C243,C6H13N5O3,,0
712,C244,C2H5N5O3,,0
713,C245,C3H5N9O2,,0
714,C246,C3H7N5O3,,0
715,C247,C4H7N9O2,,0
716,C248,C4H8N10O2,,0
717,C249,C4H7N7O6,,0
718,C250,C3H7N7,,0
719,C251,C3H7N7,,0
720,C252,C4H9N7O,,0
721,C253,C5H8N7,,0
722,C254,C5H8N7,,0
723,C255,C4H8N10,,0
724,C256,C3H8N6O3,,0
725,C257,C3H8N5O4CI,,0
726,C258,C3H8N8O4,,0
727,C259,CH4N8O4,,0
728,C260,CH3N7O4,,0
729,C261,C4H10N4O3,,0
730,C262,C4H10N3O4CI,,0
731,C263,C4H10N6,,0
732,C264,C5H12N8,,0
733,C265,C3H10N3O3CI,,0
734,C266,C3H10N2O4CI,,0
735,C267,C3H10N5CI,,0
736,C268,C5H10N5CI,,0
737,C269,C4H12N7CI,,0
738,C270,C3H10N3O3,,0
739,C271,C3H10N2O4CI,,0
740,C272,C4H12N7CI,,0
741,C273,C3H10N5O4,,0
742,C274,C4H10N7O2,,0
743,C275,C9H11N5,,0
744,C276,C10H13N5,,0
745,C277,C9H9N5,,0
746,C278,C10H11N5,,0
747,C279,C11H13N5,,0
748,C280,C5H7N7,,0
749,C281,C7H11N5O2,,0
750,C282,C9H15N5O2,,0
751,C283,C8H11N5O2,,0
752,C284,C8H13N5O3,,0
753,C285,C7H8N6O2,,0
754,C286,C2H7N7O2,,0
755,C287,C2H9N9O2,,0
756,C288,C3H7N9O2,,0
757,C289, C6H13N7O2,,0
758,C290,C7H13N7,,0
759,C291,C7H14N10O2,,0
760,C292,C8H14N10,,0
761,C293,C5H13N7O4,,0
762,C294,C5H13N7,,0
763,C295,C6H16N4,,0
764,C296,C5H14N4,,0
765,C297,C10H24N10,,0
766,C298,C10H7N4B,,0
767,C299,C9H13N4B,,0
768,C300,C11H16N3B,,0
769,C301,C10H12N3B,,0
770,C302,C11H20N3B,,0
771,C303,C10H18N3B,,0
772,C304,C9H16N5B,,0
773,C305,C8H12N5B,,0
774,C306,C4H8N10O6,,0
775,C307,C4H8N10O8,,0
776,C308,C4H10N12O6,,0
777,C309,C6H12N14O6,,0
778,C310,C6H14N16O6,,0
779,C311,C6H18N20O6,,0
780,C312,C6H16N18O4,,0
781,C313,C6H14N18O7,,0
782,C314,C6H14N16O6,,0
783,C315,C6H16N18O4,,0
784,C316,C3H4N10O6,,0
785,C317,C3H6N8O6,,0
786,C318,C3H5N7O6,,0
787,C319,C3H5N9O4,,0
788,C320,C3H6N8O6,,0
789,C321,C3H4N8O8,,0
790,C322,C3H5N11O6,,0
791,C323,C3H7N9O6,,0
792,C324,C3H6N8O6,,0
793,C325,C3H6N10O4,,0
794,C326,C3H7N9O6,,0
795,C327,C3H5N9O8,,0
796,C328,C3H4N10O7,,0
797,C329,C3H6N8O7,,0
798,C330,C3H5N7O7,,0
799,C331,C3H5N9O5,,0
800,C332,C3H6N8O7,,0
801,C333,C3H4N8O9,,0
802,C334,CH5N5O6,,0
803,C335,C2H6N6O6,,0
804,C336,C2H7N7O6,,0
805,C337,C5H7N5O6,,0
806,C338,C3H5N7O6,,0
807,C339,C3H4N6O6,,0
808,C340,C3H4N6O6,,0
809,C341,C4H5N5O6,,0
810,C342,C4H5N5O6,,0
811,C343,C5H7N5O6,,0
812,C344,C6H10N16O12,,0
813,C345,C3H7N7O7,,0
814,C346,C4H8N12O7,,0
815,C347,C4H8N12O9,,0
816,C348,C4H10N14O7,,0
817,C349,C2H8N8O5,,0
818,C350,C2H8N8O7,,0
819,C351,C2H10N10O5,,0
820,C352,C6H8N12O7,,0
821,C353,C6H10N14O7,,0
822,C354,C3H8N10O4,,0
823,C355,C3H8N10O6,,0
824,C356,C3H10N12O4,,0
825,C357,C4H8N12O6,,0
826,C358,C4H8N12O8,,0
827,C359,C4H10N14O6,,0
828,C360,C3H8N10O3,,0
829,C361,C3H10N12O3,,0
830,C362,C3H8N10O5,,0
831,C363,C4H8N10O6,,0
832,C364,C4H8N10O8,,0
833,C365,C2H7N7O3,,0
834,C366,C2H6N6O3,,0
835,C367,C2H6N6O4,,0
836,C368,C4H8N10O8,,0
837,C369,C4H8N10O10,,0
838,C370,C4H10N12O8,,0
839,C371,C4H8N10O8,,0
840,C372,C4H8N10O10,,0
841,C373,C4H10N12O8,,0
842,C374,C6H8N12O10,,0
843,C375,C6H8N12O8,,0
844,C376,C8H10N22O8,,0
845,C377,C8H14N18O8,,0
846,C378,C8H12N16O8,,0
847,C379,C10H8N16O8,,0
848,C380,C10H10N18O8,,0
849,C381,C10H12N20O8,,0
850,C382,C10H14N18O12,,0
851,C383,C6H10N18O8,,0
852,C384,C6H10N18O6,,0
853,C385,C8H12N26O6,,0
854,C386,C8H10N24O6,,0
855,C387,C6H12N18O6,,0
856,C388,C8H14N20O6,,0
857,C389,C8H16N22O6,,0
858,C390,C10H10N20O6,,0
859,C391,C10H12N22O6,,0
860,C392,C10H14N24O6,,0
861,C393,C6H8N10O10,,0
862,C394,C8H12N14O10,,0
863,C395,C8H16N18O10,,0
864,C396,C8H18N20O10,,0
865,C397,C6H10N12O10,,0
866,C398,C6H8N10O12,,0
867,C399,C8H14N16O10,,0
868,C400,C8H14N16O12,,0
869,C401,C10H8N14O10,,0
870,C402,C10H10N16O10,,0
871,C403,C10H12N18O10,,0
872,C404,C6H10N4O6,,0
873,C405,C8H10N8O7,,0
874,C406,C12H12N6O10,,0
875,C407,C8H10N7O6,,0
876,C408,C7H11N5O7,,0
877,C409,C6H10N6O7,,0
878,C410,C7H10N8O5,,0
879,C411,C3H4N8O4,,0
880,C412,C5H7N11O4,,0
881,C413,C5H8N12O3,,0
882,C414,C2H5N9O3,,0
883,C415,C2H5N9O2,,0
884,C416,C2H6N10O2,,0
885,C417,C3H7N11O2,,0
886,C418,C3H8N12O2,,0
887,C419,C3H6N12O4,,0
888,C420,C3H5N13O2,,0
889,C421,C4H6N12O3,,0
890,C422,CH5N7O2,,0
891,C423,CH5N7O3,,0
892,C424,C2H7N9O2,,0
893,C425,C2H8N10O3,,0
894,C426,C4H8N16O2,,0
895,C427,C3H3N15O2,,0
896,C428,C6H10N12O2,,0
897,C429,C3H8N12O2,,0
898,C430,C8H16N10O2,,0
899,C431,C4H10N20O4,,0
900,C432,C4H7N9O6,,0
901,C433,C9H14N18O4,,0
902,C434,CH6N8O2,,0
903,C435,CH6N8O3,,0
904,C436,C2H8N10O2,,0
905,C437,C2H9N11O3,,0
906,C438,C4H9N11O2,,0
907,C439,C3H4N16O2,,0
908,C440,C6H11N16O2,,0
909,C441,C3H9N13O2,,0
910,C442,C8H17N11O2,,0
911,C443,C4H12N22O4,,0
912,C444,C4H8N10O6,,0
913,C445,C9H16N20O4,,0
914,C446,CH4N8O4,,0
915,C447,CH4N8O5,,0
916,C448,C2H6N10O4,,0
917,C449,C2H7N11O5,,0
918,C450,C4H7N17O4,,0
919,C451,C3H2N16O4,,0
920,C452,C6H9N13O4,,0
921,C453,C3H7N13O4,,0
922,C454,C8H15N11O4,,0
923,C455,C4H8N22O8,,0
924,C456,C4H6N10O4,,0
925,C457,C9H12N23O8,,0
926,C458,CH4N8O2F2,,0
927,C459,CH4N8O3F2,,0
928,C460,C2H6N10O2F2,,0
929,C461,C2H7N11O3F2,,0
930,C462,C4H7N17O2F2,,0
931,C463,C3H2N16O2F2,,0
932,C464,C6H9N13O2F2,,0
933,C465,C3H7N13O2F2,,0
934,C466,C8H15N11O2F2,,0
935,C467,C4H8N22O4F4,,0
936,C468,C4H6N10O2F2,,0
937,C469,C9H12N23O4F4,,0
938,C470,CH4N10O2,,0
939,C471,CH4N10O3,,0
940,C472,C2H6N12O2,,0
941,C473,C2H7N13O3,,0
942,C474,C4H7N19O2,,0
943,C475,C3H2N18O2,,0
944,C476,C6H9N15O2,,0
945,C477,C3H7N15O2,,0
946,C478,C8H15N13O2,,0
947,C479,C4H8N26O4,,0
948,C480,C4H6N10O4,,0
949,C481,C9H12N27O4,,0
950,C482,C2H4N10O8,,0
951,C483,C2H4N10O9,,0
952,C484,C3H6N12O8,,0
953,C485,C3H7N13O8,,0
954,C486,C5H7N19O8,,0
955,C487,C4H2N18O8,,0
956,C488,C7H9N15O8,,0
957,C489,C4H7N15O8,,0
958,C490,C8H15N13O8,,0
959,C491,C6H8N26O16,,0
960,C492,C5H6N12O8,,0
961,C493,C11H12N27O16,,0
962,C494,CH8N8O2,,0
963,C495,CH8N8O4,,0
964,C496,C3H12N12O2,,0
965,C497,C3H14N14O4,,0
966,C498,C7H14N26O2,,0
967,C499,C7H14N26O2,,0
968,C500,C11H18N18O2,,0
969,C501,C5H14N18O2,,0
970,C502,C15H30N14O2,,0
971,C503,C3H8N14O2,,0
972,C504,C7H12N12O10,,0
973,C505,C8H12N12O2,,0
974,C506,C2H5N7O5,,0
975,C507,C3H6N8O5,,0
976,C508,C3H8N10O5,,0
977,C509,C3H10N12O4,,0
978,C510,C3H7N11O6,,0
979,C511,C2H6N8O5,,0
980,C512,C3H7N9O5,,0
981,C513,C3H9N11O5,,0
982,C514,C3H11N13O4,,0
983,C515,C3H8N12O6,,0
984,C516,C2H4N8O7,,0
985,C517,C3H5N9O7,,0
986,C518,C3H7N11O7,,0
987,C519,C3H9N13O6,,0
988,C520,C3H6N12O8,,0
989,C521,C2H4N8O5F2,,0
990,C522,C3H5N9O5F2,,0
991,C523,C3H7N11O5F2,,0
992,C524,C3H9N13O4F2,,0
993,C525,C3H6N12O6F2,,0
994,C526,C2H4N10O5,,0
995,C527,C3H5N11O5,,0
996,C528,C3H7N13O5,,0
997,C529,C3H9N15O4,,0
998,C530,C3H6N14O6,,0
999,C531,C3H4N10O11,,0
1000,C532,C4H5N11O11,,0
1001,C533,C4H7N13O11,,0
1002,C534,C4H9N15O10,,0
1003,C535,C4H6N14O12,,0
1004,C536,C2H4N7O5,,0
1005,C537,C3H5N8O5,,0
1006,C538,C3H7N10O5,,0
1007,C539,C3H9N12O4,,0
1008,C540,C3H8N11O6,,0
1009,C541,C7H15N2B,,0
1010,C542,C8H19N2B,,0
1011,C543,C6H16N3B,,0
1012,C544,C5H16N3B,,0
1013,C545,C7H20N3B,,0
1014,C546,C5H13N4B,,0
1015,C547,C4H13N3BCI,,0
1016,C548,C11H17N5B2,,0
1017,C549,C13H21N5B2,,0
1018,C550,C8H14N3B,,0
1019,C551,C7H14N3B,,0
1020,C552,C9H18N3B,,0
1021,C553,C8H14N5O3B,,0
1022,C554,C12H18N5O3B,,0
1023,C555,C10H14N7B,,0
1024,C556,C14H18N7B,,0
1025,C557,C9H14N7O2B,,0
1026,C558,C13H18N7B,,0
1027,C559,C10H16N6B2,,0
1028,C560,C14H20N6B2,,0
1029,C561,C2H8N10O6,,0
1030,C562,C2H8N8O8Cl2,,0
1031,C563,C2H8N14O8,,0
1032,C564,C6H8N16O8,,0
1033,C565,C4H10N14O6,,0
1034,C566,C4H10N12O8Cl2,,0
1035,C567,C4H10N12O10Cl2,,0
1036,C569,C8H14N24O4,,0
1037,C570,C3H8N10O2,,0
1038,C571,C3H9N11O2,,0
1039,C572,C2H6N8O2,,0
1040,C573,C3H10N12O2,,0
1041,C574,C3H11N13O2,,0
1042,C575,C4H7N9O4,,0
1043,C576,C5H8N8O4,,0
1044,C577,C6H9N7O4,,0
1045,C578,C4H6N8O4,,0
1046,C579,C3H8N7O4,,0
1047,C580,C5H10N7O4,,0
1048,C581,C4H6N3O4K,,0
1049,C582,C4H8N4O3,,0
1050,C583,C4H8N4O4,,0
1051,C584,C4H9N5O3,,0
1052,C585,C8H16N14O13,,0
1053,C586,C8H12N14O13,,0
1054,C587,C10H16N18O11,,0
1055,C588,C4H8N10,,0
1056,C589,C4H9N11,,0
1057,C590,C4H8N10O,,0
1058,C591,C5H13N15,,0
1059,C592,C4H10N12O4,,0
1060,C593,C4H8N10O6,,0
1061,C594,C4H2N10O4Na2,,0
1062,C595,C12H18N24O8,,0
1063,C596,C5H10N13O5,,0
1064,C597,C8H12N20O4,,0
1065,C598,C4H10N12O6,,0
1066,C599,C4H8N10O8,,0
1067,C600,C6H18N20O6,,0
1068,C601,C4H9N11O6,,0
1069,C602,C6H12N15O4,,0
1070,C603,C6H17N19O4,,0
1071,C604,C2H4N9,,0
1072,C605,C2H5N10,,0
1073,C606,C2H4N9O,,0
1074,C607,C3H6N11,,0
1075,C608,C3H7N12,,0
1076,C609,C3H8N13,,0
1077,C610,C3H9N14,,0
1078,C611,C3H7N12O,,0
1079,C612,C2H4N9O3,,0
1080,C613,C2H4N9O3,,0
1081,C614,C3H6N13O4,,0
1082,C615,C2H4N9,,0
1083,C616,C5H19N21O2,,0
1084,C617,C5H18N20O2,,0
1085,C618,C3H9N11O5,,0
1086,C619,C3H8N10O5,,0
1087,C620,C4H8N10O2,,0
1088,C621,C4H7N12O2,,0
1089,C622,C4H8N13O2,,0
1090,C623,C4H9N14O2,,0
1091,C624,C6H9N10O3,,0
1092,C625,C4H9N12O4,,0
1093,C626,C2H6N9O3,,0
1094,C627,C2H6N9O2,,0
1095,C628,C2H7N10O2,,0
1096,C629,C3H9N12O2,,0
1097,C630,C7H2N12O14K2,,0
1098,C631,C4H10N12O6,,0
1099,C632,C4H10Cl2N10O8,,0
1100,C633,C4H8N8O4,,0
1101,C634,C4H10N10O4,,0
1102,C635,C2HN4O5K,,0
1103,C636,C2H5N5O5,,0
1104,C637,C2H6N6O5,,0
1105,C638,C2H5N5O6,,0
1106,C639,C3H5N7O2,,0
1107,C640,C3H6N8O2,,0
1108,C641,C3H5N7O3,,0
1109,C642,C7H6N9O10,,0
1110,C643,C7H6N9O12,,0
1111,C644,C7H8N11O10,,0
1112,C645,C3H8N6O6,,0
1113,C646,C6H8N12O10,,0
1114,C647,C6H10N14O10,,0
1115,C648,C5H8N12O7,,0
1116,C649,C5N8O9K2,,0
1117,C650,C8H8N14O10,,0
1118,C651,C2H2N7O4K,,0
1119,C652,C2H6N8O4,,0
1120,C653,C2H6N8O5,,0
1121,C654,C2H7N9O4,,0
1122,C655,C3H11N13O4,,0
1123,C656,C5H10N14O2,,0
1124,C657,C3H5N7O6,,0
1125,C658,C2H6N6O3,,0
1126,C659,C3H6N10O3,,0
1127,C660,C3H7N11O2,,0
1128,C661,C6H12N18O2,,0
1129,C662,C6H12N20O2,,0
1130,C663,C6H19N23O2,,0
1131,C664,C5H11N11O4,,0
1132,C665,C5H11N11O6,,0
1133,C666,C5H13N13O4,,0
1134,C667,C4HN7O8K2,,0
1135,C668,C5H3N6O4K,,0
1136,C669,C3H5N11O,,0
1137,C670,C4H7N13,,0
1138,C671,C4H8N14,,0
1139,C672,C4H10N16,,0
1140,C673,C3H5N11,,0
1141,C674,C3H5N9O2,,0
1142,C675,C3H5N9O3,,0
1143,C676,C4H7N11O2,,0
1144,C677,C4H8N12O2,,0
1145,C678,C4H10N14O2,,0
1146,C679,C8H16N18,,0
1147,C680,C4H8N10O6,,0
1148,C681,C4H8N10O8,,0
1149,C682,C4H8N10O6,,0
1150,C683,C4H8N10O8,,0
1151,C684,C4H10N12O6,,0
1152,C685,C6H12N14O6,,0
1153,C686,C6H14N16O6,,0
1154,C687,C8H10N16O6,,0
1155,C688,C8H12N18O6,,0
1156,C689,C5H10N10O6,,0
1157,C690,C5H12N12O6,,0
1158,C691,C7H4N14O6,,0
1159,C692,C7H16N16O6,,0
1160,C693,C7H18N18O6,,0
1161,C694,C9H14N18O6,,0
1162,C695,C4H8N10O3,,0
1163,C696,C4H7N9O3,,0
1164,C697,C4H7N9O4,,0
1165,C698,C4H8N11O5,,0
1166,C699,C4H8N11O7,,0
1167,C700,C4HN9O5K2,,0
1168,KNO3,KNO3,O=[N+]([O-])[O-].[K+],0
1169,硝酸银,AgNO3,O=[N+]([O-])[O-].[Ag+],0
1170,,,,0
